comment,label_5_classes
Áo bao đẹp ạ!!,Lỗi API
Tuyệt vời !,Lỗi API
2day ao khong giong trong.,Lỗi API
"Mùi thơm,bôi lên da mềm da.",Lỗi API
"Vải đẹp, dày dặn.",Lỗi API
"Hàng rất đẹp, rất chi là ưng ý.",Lỗi API
"Chất lượng sản phẩm tốt, date dài.",Lỗi API
Ăn nói và thái độ phục vụ tốt.,Lỗi API
Đóng gói sản phẩm chắc chắn.,Lỗi API
tất sờn hết ca chưa dùng mà vay r.,Lỗi API
Shop phục vụ rất tốt.,Lỗi API
Mặc thì cũng đc.,Lỗi API
Chất vải khỏi chê.,Lỗi API
Thời gian giao hàng rất nhanh.,Lỗi API
Chất lượng sản phẩm tuyệt vời.,Lỗi API
vải hơi thô cứng Thời gian giao hàng nhanh.,Lỗi API
Chất lượng sp chưa thật sự đẹp nhe shop!,Lỗi API
Rất đáng tiền Thời gian giao hàng rất nhanh.,Lỗi API
Quần rất đẹp mặc vừa vặn.,Lỗi API
Cảm giác mua hàng bị hớ thật tệ!,Lỗi API
Khi mua về nên đi sửa lại.,Lỗi API
Với giá này thì sản phẩm tạm ổn chưa đc gọi là đẹp lắm.,Lỗi API
Rất đáng tiền Thời gian giao hàng rất nhanh Chất lượng sản phẩm tuyệt vời.,Lỗi API
Giá cả chấp nhận được.,Lỗi API
Nchung là rất ổn ❤️.,Lỗi API
"Áo quá đẹp luôn nếu không muốn nói là đẹp, may quá có áo mới đi làm cty mới, shop còn mẫu nào trắng nữa để mình mua.",Lỗi API
"Chưa mặc nhưng thấy chất dày dặn, nhìn chung là hài lòng.",Lỗi API
😊chất vải đã ok mà hình thì siu ciu luôn í.shop rất nhiệt tình...chịu🤗.,Lỗi API
Giao hàng nhanh.,Lỗi API
Thấy khá okz thanks shop.,Lỗi API
"Chất lượng sản phẩm tuyệt vời,sẽ ủng hộ shop nhiều.",Lỗi API
"Chất lượng sản phẩm tạm được, vải hơi khô và mỏng.",Lỗi API
Hàng hoá lừa đảo.,Lỗi API
Thời gian giao hàng nhanh.,Lỗi API
Ảnh in đẹp.,Lỗi API
Giá lại rẻ.,Lỗi API
Quần áo super đẹp.,Lỗi API
"Giao hàng thiếu, nt cho shop đã xem mà K có phản hồi gì.",Lỗi API
Thank shop!,Lỗi API
Tuyệt vời hơn khi mua trên shopee thì được freeship.,Lỗi API
Tiếc là ko đặt thêm mấy chiếc.,Lỗi API
Chất lượng sản phẩm tuyệt vời Đóng gói sản phẩm rất đẹp và chắc chắn Shop phục vụ rất tốt Thời gian giao hàng rất nhanh.,Lỗi API
Đồng hồ mua về k sử dụg đc.,Lỗi API
Chất mềm mịn mát.,Lỗi API
"Giao thiếu 1b 80k , mà im re.",Lỗi API
Sản phr rất ưng ý.,Lỗi API
Chất lượng sản phẩm tuyệt vời.,Lỗi API
mua lần 2 rồi <3.,Lỗi API
"Ngực em cuzng bitnhf thường thôi, mà mặc vào nó vừa đẩy vừa sáng cả cái bầu ngực.",Lỗi API
Quần đợt 2 đặt tận 7 chiếc mà chất quần hoàn toàn xa với đợt 1 .,Lỗi API
