product_id,review_id,rating,content,customer_name
74021317,20155378,4,"Chắc hẳn đây là cuốn sách được nhiều người đọc, vào các nhóm trên *** thấy cũng nhiều người review, thế nên mình cũng mua một cuốn. Thấy nhiều người khen quá mà mình đọc xong cứ thấy bình thường, gần như không có nhiều thứ đọng lại, tất nhiên đây là ý kiến chủ quan thôi, mỗi người sẽ có cho mình một cảm nhận khác nhau. Mình thấy câu chuyện không thật sự xuất sắc như lời đồn, tuy vậy cũng không hẳn là tệ. Mình đánh giá cuốn này 6/10 điểm. Về vấn đề bán hàng của Tiki thì không có gì để nói, hầu như tất cả sách mình đặt đều được đóng gói rất cẩn thận, rất rất ít sách bị cấn móp, nói chung okeee",Lê Hữu Tuấn
74021317,20237779,4,"Chuyện cũng nhẹ nhàng mà sao mình khóc như mưa. Nói chung là hay. Nên đọc thử và tự cảm nhận thay vì đọc review á *** bạn :))) Để chi, để ko có thiên kiến, giống mấy ng thử đồ ăn ấy, giữa các món họ phải uống nước để tráng cái vị của món trước.",lê khánh linh
74021317,20082171,5,"Mua sách cũng lâu rui nhưng giờ mới có tgian đọc, mình đọc 1 mạch cho đến hết truyện. Mở đầu truyện đã mang tới cảm giác khá buồn rồi, đọc để thấu hiểu được cái nghèo nó có thể khiến một cậu bé còn chưa được 6t trưởng thành và mạnh mẽ tới mức ấy, và đôi khi lại rất nhạy cảm, một cậu bé thông mình và tinh nghịch nhưng lại ko có một ai có thể hiểu được cậu cho tới khi một người bạn đặc biệt xuất hiện khiến Zezé cảm nhận được sự ấm áp và trân trọng mà trước đây cậu chưa từng được đối xử như thế. Khúc cuối thật sự rất cảm động, sẽ không có một ai thay thế được hình bóng người bạn đặc biệt ấy trong lòng cậu bé cho tới cuối đời.",Thuỳ Dung
74021317,20140381,5,"Đây có lẽ là quyển sách đầu tiên mà trong lúc đọc mình lại khóc va cười nhiều đền vậy. Cười vì những trò tinh nghịch của cậu bé Zeze, thông mình lanh lợi và đầy tình cảm. Khóc vì cậu đã co 1 tuổi thơ bất hạnh vì những trận đòn ko đáng có. Tác phẩm hay rất đáng đọc.",Ngan le
74021317,20136144,5,"1 quyển sách giàu tình yêu thương, lòng nhân hậu và trong sáng của 1 đứa trẻ. Và đặt cho 1 câu hỏi về cách đối xử vs nhau giữa người và người, đặc biệt là trong 1 gia đình. Liệu đòn roi có phải 1 cách để đứa trẻ biết vâng lời, hay sẽ là tác động tiêu cực để rồi đứa trẻ mất đi những gì lẽ ra phải thuộc về nó, tình yêu thương, tính khám phá, tò mò của 1 đứa trẻ? Một câu chuyện buồn dễ lấy đi nước mắt của ng đọc, cảm nhận về những thứ trong sáng nhất bị lấy đi của 1 đứa trẻ thật sự đau lòng. Hãy đọc để hiểu được những gì con trẻ thật sự nghĩ, từ đó cho chúng ta cái nhìn khác về những trò nghịch ngợm, và bao dung hơn cho bọn nhỏ. 
1 quyển sách cảm động, theo mình nghĩ là vậy.",Trương Khánh Lâm
74021317,19452912,2,"tiki trading đóng gói quá tệ, thật sự. Đối với 1 đứa yêu sách như mình thì nhìn sách bị df cực kì khí chịu. Lần đầu mình thấy cách gói đơn sách như vậy luôn á. Chỉ 1 lớp nilong mỏng dính xong bỏ vào hộp r quăng thêm 3 miếng nilong k biết có tác dụng gì???!? Hãy xem lại cách gói hàng của mình và gói hàng 1 cách có tâm với ạ. Bực mình thật sự đấy",Bảo Ân
74021317,20209885,4,"hmm sẽ khá hay với những bạn thích đọc những quyển sách cho tâm hồn, nhưng sẽ khá bình thường cho những bạn đã đọc chicken soup for the soul. Nhưng mà sách vẫn rất ý nghĩa, mng mới đọc sách thì có thể tham khảo^^",minh tu
74021317,19806937,5,"Đa số sách mình mua vì được truyền cảm hứng từ BTS, nhờ BTS đặc biệt là KIM NAM JOON trưởng nhóm giúp mình có rất nhiều động lực đọc sách
Phải khen Tiki vì luôn bán sách rẻ, chính hãng, giao nhanh, mua sách trên Tiki cũng được review rất kĩ từ các độc giả khác, cảm ơn mng rất nhiều",Tô Đặng Cẩm Tú
74021317,20236219,5,"chịu khó nghe sách nói top 10
 
 Ko tam 2 sau 6 ko 9 mot 7 ching",quang tuyến
74021317,16979365,5,"Thấy nhiều bạn chê tiki gói hàng quá, may sao hàng mình không bị hư một tẹo nèo! mà đúng thật là hơi sơ sài ko bọc chống xóc, chỉ có sách và cái hộp.
rewiew sách: mik nghĩ cuốn này jhas healing( viết kiểu kể chuyện đọc ko  chán) nó thật sư là khám phá nỗi đau và yêu thương.",Phan Thảo Yến Nhím
74021317,12559756,5,"Có những người bước đến, họ lấp đầy hạnh phúc vào từng vết nứt trong tim, khiến chúng được an ủi và chữa lành. Nhưng rồi họ lại ra đi, làm tan vỡ trái tim người ở lại….
Câu chuyện bắt đầu bằng sự vui vẻ, nghịch ngợm của một cậu bé mang tên Zezé và kết thúc là một nỗi đau tột cùng khi mất đi hai người bạn quý giá nhất đời mình.
Khi đọc cuốn tiểu thuyết này, các bạn hẳn sẽ nhiều lần đau xót vì thương cảm cho cậu bé chỉ mới 5 tuổi với một tuổi thơ nhiều rạn vỡ. Nhưng các bạn cũng sẽ mỉm cười và cảm thấy yêu thương sự sống từ trong sâu thẳm tim mình. Bởi trong suốt cuốn tiểu thuyết, người với người đối xử với nhau vẫn rất đỗi dịu dàng, yêu thương và trìu mến. Cho đến khi khép lại cuốn sách, thì trái tim chúng ta lại thổn thức với một nỗi buồn vương vấn, buồn cho sự mất mát từ những yêu thương và buồn cho sự trưởng thành từ những nỗi đau, sự trưởng thành quá sớm mà không ai mong muốn…
Một cuốn tự truyện đầy cảm động, tuy đau đớn nhưng vẫn ngập tràn tình yêu thương!!!
Cảm ơn Tiki 🧡",Vân Anh
74021317,18368714,5,"Một cuốn sách rất đáng đọc về tình yêu thương và sự mất mát mà chắc chắn mình sẽ gợi ý cho mọi người (dù biết rằng nó đã rất hot rồi), để cùng cười trước những trò nghịch ngợm tinh quái, trí tưởng tượng tuyệt vời và những ước mơ rất trẻ con của Zezé, cùng xót xa khi em bị đánh đập, cùng đau đớn khi những người bạn mà em yêu nhất lần lượt ra đi, và cùng tiếc nuối khi nhận ra rằng một đứa trẻ chưa đầy 6 tuổi như em đã biết quá nhiều, đến mức sự hồn nhiên, mơ mộng trẻ con của em sẽ không bao giờ quay trở lại.

Mình có thể hiểu tại sao cuốn sách này lại hot đến vậy, lối viết rất nhẹ nhàng, trong sáng và dễ hiểu, quá đủ để tiếp cận độc giả ở mọi lứa tuổi. Nhưng cảm xúc mà nó đem lại thì mạnh mẽ vô cùng.

Cuối cùng thì cảm ơn Tiki và Nhã Nam (cùng chiến dịch Dọn kho - lý do cuối cùng khiến mình hạ quyết tâm rước ẻm về nhà =))) đã đem đến cho mình một cuốn sách tuyệt vời. Đáng đồng tiền bát gạo.",Phương Linh
74021317,20011330,4,Mua đợt sale giá rẻ. Đặt có 1h là ship đến rồi. Nhưng ko biết phải đợt sale ko trừ 2 cuốn đắt nhất thì 4 cuốn còn lại đều có tì vết dù ko đáng kể nhưng lần đầu mua sách nên hơi hụt hẫng.,Quốc Toàn
74021317,20220042,4,Sách bị móp nhẹ ở phần góc phải trong sách thì giấy cũng hơi nhăn ở góc đó vs lại bìa bị bong lớp nilon ra một chút,Thanh Tung
74021317,20086128,5,Đây là cuốn sách làm tôi xúc động nhất từ trước đến bây giờ. Nếu bạn là cha mẹ và có một cậu con trai tinh nghịch ( hoặc nói quá là nghịch ngợm) thì nên đọc để yêu thương con đúng cách.,Nguyễn Thu Hương
74021317,19622803,5,"Sách đẹp, mới, cứng cáp. Giao hàng siu nhanh. Đã lâu rồi ko đặt sách tiki, giờ đặt lại vẫn hài lòng lắm. Giao hàng hcm siêu nhanh. Nhận sách cái feedback luôn nên chưa kịp thẩm nội dung như nào",Ngọc Anh
74021317,19902701,5,"""Cây Cam Ngọt Của Tôi"" là một tác phẩm văn học đầy cảm xúc, kể về hành trình trưởng thành của nhân vật chính qua những biến cố của cuộc sống. Cuốn sách gợi mở nhiều suy ngẫm về gia đình, tình bạn và sự lựa chọn cá nhân trong từng hoàn cảnh khác nhau. Đây là một cuốn sách đáng đọc, không chỉ bởi giá trị văn học mà còn bởi những bài học sâu sắc mà nó mang lại.",Đinh Hồng Châu
74021317,19704431,4,"Mình đã đọc xong cuốn này và theo mình cảm nhận về nội dung thì khá là hay, câu chuyện kể về một đứa trẻ 5 tuổi nhưng cái nghèo đã bắt em phải hiểu chuyện và bắt em trải qua những thứ mà ngay cả người lớn còn chưa chắc đã có thể chịu đựng được. Đọc khúc đầu thì không sao, thậm chí còn có nhiều chi tiết gây cười nữa, nhưng đọc đến những chương gần cuối rồi thì mình tốn không ít nước mắt. Nói chung là khá hay, nếu có thể thì mình nghĩ bạn cũng nên đọc thử
Còn về giao hàng thì sách được giao khá nhanh, không bị hư góc hay gì cả nhưng mình thấy sách không còn siu, và bị thiếu mất đồ kẹp sách nữa nên cũng hơi thất vọng xíu, nhưng vẫn oke nha 
*Ps : Hình này là do mình đọc hết cuốn sách rồi mới chụp nên nhìn hơi bất ổn xíu :'>>",Võ Kim Ngân
74021317,19682991,5,"Nội dung vô cùng hấp dẫn và cảm động, cậu bé Zeze trong truyện có 1 tuổi thơ đầy cay đắng và bi thương, cả về thể xác lẫn tinh thần. Nhiều phân đoạn đầy xúc động và sâu sắc đến mức tôi ko cầm được nước mắt. Đây chắc chắn là 1 trong nhưng cuốn sách hay nhất tôi từng đọc",Đỗ Minh Quân
74021317,19343799,5,"Cuốn sách khá ngắn, có thể đọc hết trong 1 lần đọc. Khi đọc những trang đầu mình không hào hứng lắm vì câu chuyện kể về sự nghèo khổ của gia đình cậu bé Zezé. Bắt đầu phần sau của câu chuyện, tác giả đã thêm vào những chi tiết để thấy rằng cuộc sống tuy khó khăn nhưng cũng tràn đầy sắc màu. Đoạn kết khiến mình hơi hụt hẫng nhưng cũng diễn ra rất nhanh để kết thúc luôn câu chuyện nên cũng không gây ra quá nhiều nuối tiếc cho mình. Nhìn lại thì đây là một tác phẩm đáng yêu, thú vị, khiến bản thân phải suy nghĩ về cuộc sống này, trân trọng những điều giản dị và dặn mình luôn đối xử tốt với mọi người xung quanh",Quỳnh Hoa
74021317,19292154,1,"mua Cha và Con của Tony Parsons thì nhận đc sách của Ivan Turgenev thực sự quá thất vọng, đơn này chấp nhận lấy ko đổi trả, chat nhắc đơn sau tránh nhầm mà vẫn bị, ko hiểu làm ăn kiểu gì, quà tặng ko thấy luôn, nếu ko có sách thì phải báo chứ. ko bao h mua lại ở đây nữa.",Nguyễn Ngọc Hải
74021317,18392687,5,"Đáng mua lắm mn ạ. Mình đọc mà cảm xúc lẫn lộn lắm luôn í. Phẫn nộ, đau xót, đáng thương, niềm vui và những nỗi buồn cứ luân phiên hiện hữu trong tâm trí mình. Ẩn sâu trong đó là những bài học vô cùng ý nghĩ. Có thể đọc xong bạn sẽ có cái nhìn khác về cuộc sống của mình.",Nguyễn Hoàng Bảo Minh
74021317,20218554,5,"sách hay, diễn tiến theo tâm lý nhân vật, xây dựng nhân vật có chiều sâu tâm lý, rất trẻ con nhưng là bài học cho người lớn.",Hương
74021317,14069617,5,"Bìa cực xinh, tiki giao hàng nhanh, sách không bị nhăn góc, gãy cạnh hay bẩn j hết.
Cuốn này quá nổi rồi nên mình sẽ không nhận xét về nội dung mà chỉ chia sẻ cảm nhận của bản thân. Khi mới đọc nửa đầu, mk vừa buồn cười vừa giận những trò nghịch ngợm của cậu bé, ngưỡng mộ tài năng cũng như yêu quý tính cách dễ thương của cậu. Nhưng đến khoảng nửa phần sau mk thì khóc sướt mướt luôn:((. Mk giận cuộc đời sao đối xử bất công với cậu bé như thế!! Cậu vẫn còn quá nhỏ để hiểu đời, hiểu thế sự, hiểu sự "" chết"" là gì!! Dẫu biết cuộc sống khó khăn cậu đã trải qua thuở bé trở thành hành trang cho đường đời sau này, dẫu biết mọi thứ đều có mặt tích cực, nhưng mình vẫn thương, vẫn tiếc cho một tuổi thơ đầy tươi đẹp, đầy hồn nhiên đã bị giết chết quá sớm như thế!
Nói chung, mình cực kì khuyên các bạn NÊN MUA. Cuốn sách còn hơn cả một câu chuyện về ZeZe mà cò chất chứa nhiều câu chuyện khác, nhiều tầng ý nghĩa khác nữa!!",Trần Thị Trang
74021317,19772634,5,"rất lâu rồi mới có quyển sách khiên mình đọc 1 hơi hết vèo quyền sách, nội dung rất hay cứ như truyện thiếu nhi cho người lớn í, mình ngồi ngoài quán cà phê đọc được nửa mà phải về vì ngồi khóc sợ người khác thấy lại tưởng mình bị gì",Trần Nhi
74021317,19856595,5,"Quyển sách lấy đi của mình khá nhiều nước mắt nhưng đừng vì review này của mình mà không mua sách các bạn nhé! Sách cực kỳ hay. Câu chuyện hết sức ý nghĩa và cảm động, đúng là làm cho người đọc thổn thức! Rất đáng xem ạ!!!",Trần Hiếu Thảo
74021317,13944789,3,"hic thấy người ta mua sách nhìn ổn áp ghê, tới mình mua đợt nào sách cũng quăng góc, trầy bìa, lum la. Không phải lần đầu nói. Chăm sóc khách hàng của Tiki tốt thực sự, nhưng sách bên Tiki Trading giao tới mình thì lại thất vọng tràn trề. Mong Tiki cùng Nhã Nam sẽ có cách cải thiện trong những lần mình đặt sắp tới.",Phạm Duyên
74021317,18101671,5,"Mình đọc liền 1 mạch hết truyện luôn. Câu chuyện về cậu bé zeze mới chỉ 5 tuổi nhưng đã có suy nghĩ trưởng thành hơn rất nhiều so với tuổi của mình. Cậu bé có nhiều trò nghịch ngợm khá tai quái như bôi nến lên đường để làm người đi đường bị ngã, làm rắn giả để doạ người đi đường, đốt hàng rào nhà hàng xóm, cắt dây phơi nhà hàng xóm, đốt võng khi bác đang ngủ... Tuy nhiên cậu lại vô cùng thông minh và có trí tưởng tượng rất phong phú. Cậu biết đọc khi chưa tới trường mà không cần ai dạy. Cậu ngỗ nghịch với mọi người nhưng cậu lại rất yêu thương, trìu mến với chị gái Glo và em trai Luis. Trong khi cậu luôn nghĩ mình là con quỷ, mình không nên sinh ra trên đời để bị đánh đập, hành hạ. Thì dối với cô giáo, cậu là cậu bé có trái tim vàng. Đối với ông Ario bán nhạc, cậu là chú chim sẻ mang lại may mắn, là vị thánh tí hon. Đối với ông Bồ cậu là người bạn thân nhất, là con trai mang lại cho ông những tiếng cười sảng khoái. Và Zeze bé nhỏ phải trải qua nhiều đau đớn cả về thể xác lẫn tinh thần mà đáng ra, 1 em bé mới 5 tuổi không nên biết. Đó là những giáng sinh hụt hẫng, thất vọng cùng cực khi nhìn thấy đôi giày trống không, không có quà. Đó là đôi mắt mở to đau đớn ám ảnh của cha khi bị tổn thương bởi những câu nói trẻ thơ. Đó là nỗi thất vọng khi bị xé mất quả cầu đầu tiên mình đang kỳ công cố gắng làm. Đó là trận đòn thừa sống thiếu chết của anh chị. Đó là lần bị cha dùng roi da đánh đến ngất đi và kể từ đó người cha trong tim cậu cũng vĩnh viễn chết đi. Và đau đớn hơn cả là khi cậu nghe tin ông Bồ- người cho cậu yêu thương, người cậu coi là cha- bị tàu cán. Khép lại truyện mà vẫn cứ nghĩ hoài về zeze. Mong rằng mối đứa trẻ đều được yêu thuwong, được thấu hiểu, được chia sẻ để các em sẽ đều được hạnh phúc, trưởng thành chứ k phải day dứt và ám thị vì những điều ng lớn mắng nhiếc về mình.",Nhung nguyễn
74021317,18079292,5,"Sách dc giao nguyên vẹn, nội dung rất hay và ý nghĩa. Nhiều bạn phàn nàn tiki k dùng xốp hay bọc chống sốc, nhưng như vậy cực kì ô nhiễm mt 1 cách k cần thiết, vì sách k phải hàng dễ vỡ và đọc 1 thời gian cũng cũ, quan trọng là nội dung truyền tải. Cảm ơn tiki vì điều này + bao giờ cũng bán rẻ hơn các nhà sách khác.",iam july
74021317,19288260,5,"Tác phẩm văn học kể về trẻ em lớn lên trong sự nghèo khó nhưng vẫn rất thời đại, rất hay và cảm động. Lời văn mượt mà, đầy hương vị và gần gũi.",Xómchồnggià chồngđẹphồixuângiậtchồnghútchíchcờbạc
74021317,19045823,5,"Sách còn mới nguyên và điểm trừ vẫn là mình ghét kiểu ko bọc trong của tiki tuy rằng minh chưa dính cuốn nào bị méo mó hay hỏng gáy
Về nội dung có thể hơi Spoil nhẹ 
Cây cam ngọt của tôi - Jose Mauro de Vasconcelos
“Trái tim chúng ta cần phải đủ lớn để có chỗ cho tất cả mọi thứ chúng ta yêu thương”
Mình tính đọc cuốn này vào hè cơ nhưng tình cờ sau câu chuyện Totto-Chan bên cửa sổ mình lại bốc vào cuốn này, ban đầu mình đọc tiêu đề tưởng như dành cho thiếu nhi, nhưng sau 240 trang sách thì mình nhận ra nó dành cho người lớn nhiều hơn. Đoạn đầu thì có vẻ diễn biến hơi chậm nhưng từ giữa đổ đi thì mình thấy rất hay.
Xuyên suốt câu chuyện qua lời kể của cậu bé 5 tuổi vô cùng đáng yêu và tinh nghịch trong một gia đình nghèo khó và đông anh chị em, trong khu vườn của cậu có một cây cam ngọt là người “bạn” thân thiết để cậu trải mọi nỗi lòng của minh. Zezé có một “trí thông minh trước tuổi”, giầu trí tưởng tượng cùng rất nhiều trò nghịch ngợm để rồi bị đánh, bị cấm túc nhưng sâu trong cậu bé là sự khao khát tình yêu thương sự thấu hiểu của gia đình nhưng không ai hiểu cậu cả để rồi cậu tìm thấy “cây cam” của mình. Cùng với đó có một người bạn đã lắng nghe và thấu hiểu cậu,“ông Bồ” giống như ánh sáng chiếu rọi trong cuộc sống của Zezé vậy. Người đàn ông Bồ Đào Nha này đã cho cậu cảm nhận tình yêu thương và ấm áp giữa người với người.
Giọng văn của tác giả khá đời thường, đơn giản và gần gũi có những đoạn thực sự rất hay như khi Zezé nói “đáng lẽ con không được sinh ra” mẹ cậu đã trả lời rằng“Ai đã ở trên đời, thì người đó xứng đáng được sinh ra, con ạ” hay đoạn “Ông có thể giết một người nào đó trong trái tim ông. Không yêu người đó nữa. Và thế là một ngày nào đó người đó sẽ chết…” Và mình thích nhất đoạn cậu tặng hoa cho cô giáo, khi biết hoa cậu trộm tặng cô, cô đã bảo cậu không cần tặng cô hoa nữa nhưng Zezé cho rằng lọ không có hoa thì cô đã nói“Cái lọ này không bao giờ trống rỗng. Bất cứ khi nào nhìn nó, cô sẽ đều thấy bông hoa đẹp nhất trên đời”.
Đọc ban đầu thì ngọt ngào nhưng dần đến cuối thì chua dần đến chảy nước mắt và mình đã chảy thật ;))))). Thật sự rất xứng đáng với kinh điển của Brazil, truyện được viết và xuất bản gần 60 năm từ năm 1968 đến nay. Trước khi đọc mình cũng nghe rất nhiều bạn thích và cũng lại rất nhiều bạn thấy không hay chắc có lẽ không hợp gu vậy thôi, còn đối với mình thì nó vẫn xứng đáng là những câu truyện đáng đọc.
4.5/5
P/s: Mình cũng rất thích nhân vật chị Gloria nữa.",Phùng Thái
74021317,19700124,5,"Giấy ổn, bao bì đẹp (mình chỉ buồn là không tặng bookmark🥲). Nghe review về cuồn này nhiều rồi nên mới quyết định mua về đọc xem sao. Giao hành cực nhanh💯, đóng gói có bao chống sốc cẩn thận nên về tới tay mình sách không bị móp méo gì cả🫶🏻",Lan Ng
74021317,18935540,5,"Cuốn sách viết về cậu bé 5 tuổi hay nghịch ngợm, quậy phá và được xem là thông minh hơn những đứa trẻ khác và có ước mơ làm nhà thơ mặc com lê thắt nơ ở cổ :)))

Tuy cậu chỉ mới 5 tuổi nhưng đã biết quá nhiều thứ mà đáng lẽ một đứa trẻ ko nên biết. Cậu có trí tưởng tượng phong phú, tuy có lúc tinh nghịch. Cậu tin rằng mình hư và mình chính là đứa con của quỷ vì ko có Giáng Sinh nào được nhận quà từ ông già Noel. Cậu có một người chị ko bao giờ đánh cậu, có một cây cam nhỏ phía sau nhà bầu bạn và một người bạn chân chính khác. Nhờ người bạn đó mà cậu bé mới biết yêu thương thật sự là như thế nào vì chưa có ai đối xử tốt với cậu như vậy kể cả cha mẹ cậu. Mình đã cùng cười vì những trò nghịch ngợm của cậu cũng như cùng khóc vì những đoạn quá buồn. Một cuốn sách các bạn nên đọc và cảm nhận nha.",Nguyễn Thị Liên
74021317,18934795,5,"Đóng gói: chỉnh chu
Shipper : thân thiện 
Thoi gian giao  hàng : nhanh 
Nội dung đánh giá:
Cảm nhận riêng thui nha mn. Sách không quá dày cũng không quá mỏng, đọc khá cuốn,nma với mình thì chưa đủ quá xúc động, đúng là có mang lại cảm giác nhói lòng cho người đọc, mình đã mang tâm lý đó suốt buổi đọc cuốn sách này, một cảm giác nghẹn đến không chịu nổi.riêng mình thì mình rất rcm các b nên mua đọc thử nha",Trần Thị Anh Thư
74021317,20135519,5,"Cuốn này chưa đọc xong , mới đọc nhưng thấy khá cuốn . Với lối diễn đạt khá hay . Nhân vật có khía cạnh lém lỉnh và cảm xúc .",Truong Nam
74021317,15780485,5,"ôi thật sự đây là cuốn sách đầu tiên khiến mình khóc trong đợt cách ly này. Khóc cho hoàn cảnh của cậu bé Zezé, một đứa trẻ rất hiểu chuyện, hay cho những cú đánh đau rát đến mức bỏng da mà cậu chịu đựng. khóc cho sự mất mát 2 thứ quan trọng của em. rất đáng để mua đọc nha",thinhahihi nek
74021317,19445528,5,"Nội dung rất sâu sắc và chân thực, lột tả về vẻ cơ cực của tầng lớp nghèo khổ, bế tắc của họ đồng thời điểm nhấn về cậu bé ZeZe được diễn tả cảm xúc rất chân thực, nghịch ngợm ham chơi nhưng đầy tò mò học hỏi và hơn hên là khao khát được yêu thương cháy bỏng.

Chương 1 đọc thấy vẫn bình thường nhưng qua tới chương 2 đầy nước mắt. Một tác phẩm rất đáng để đọc và suy ngẫm về giá trị của tình yêu thương có thể khơi gợi những điều tốt đẹp cháy bỏng bên trong mỗi con người.

Tiki giao hàng nhanh, bọc kỹ, sách đẹp.",Kieu Linh
74021317,19869429,5,"Đây là một cuốn sách tuyệt vời từng nét bút nét chữ, mình cảm thấy may măn khi đọc đc một cuốn sách như vậy, mô tả sắc nét từ nhân vật đến cuộc sông thực tại con người, mình bh hóng phần 2 ra mà chốt đơn.",Thành Chính
74021317,20189650,5,"Nội dung hay lắmmmmm
Phần đầu đọc tuy khó hiểu nhưng dần về sau càng đọc càng cuốn lắm á >",Bảo Trần
74021317,12322259,5,"Nội dung của sách thì không phải bàn đến rồi, đây là 1 tác phẩm văn học kinh điển mọi người đều biết tới.
Vậy nên mình sẽ nói về dịch vụ của Tiki
- Giao hàng siêu nhanh luôn, tối hôm trước mình đặt chiều hôm sau đã có hàng trên tay rồi
- Đóng gói chắc chắn như mọi lần, sách không móp méo, không bị bẩn, nói chung ngoại quan không vấn đề. Sách in không bị lỗi mực in hay phông chữ",Khánh Ly
74021317,17995624,2,"Gói đúng ẩu :) k bọc chống sốc để trần trụi xong bỏ hộp :))))) muốn nát luôn cuốn cây cam luôn r 
muốn mua sách mới phẳng phiu mà mở ra coi như truyện cũ muốn rớt nước mắt luôn á tr 🥹",Trâm Nè
74021317,17252480,5,"Đánh giá: 10/10
Giá: 64k (đợt sale t2 hàng tuần)
Cảm nhận: 
     - Tưởng healing nhẹ nhàng nhưng kp mn ạ. Mn nhớ cbi sẵn khăn giấy nha~
     - Đọc cuốn này xong mình mới hiểu thấu lời giảng của thầy mình: Giàu có chưa chắc đã đem lại hạnh phúc nhưng giàu có sẽ đem đến nhiều hơn những cơ hội để đc hạnh phúc. 
Trích đoạn:
     ""Chúng không còn biết bay nữa. Chúng sẽ đậu trên những cây cam cho đến khi bị lũ trẻ con lấy súng cao su bắn. Khi Zico không thể chăm sóc chuồng chim đc nữa, anh đã mở cửa lồng và chuyện đã xảy ra đúng như thế. Không con nào thoát.""",Cẩm Vân
74021317,19307190,5,"Mình vừa đọc được 3 chương. Chương đầu tiên, mình luôn thắc mắc sao Zezé  lại cứ nghĩ “Nó là con của Quỷ” trong khi đó chỉ là một đứa bé hơn 5 tuổi, có những ngây thơ, luôn mong mỏi khám phá để hiểu biết tất cả. Đôi lúc, cậu ấy ăn nói rất già dặn với những gì cậu nghe và học được từ những người lớn xung quanh…Chương 2, sẽ giúp bạn biết được tên tựa “Cây cam ngọt của tôi”. Chương 3, tôi đã bắt đầu đồng cảm với “cái nghèo”, xúc động với sự cố gắng nỗ lực của cậu ấy để kịp với đêm Giáng sinh, thật sự ngưỡng mộ quyết tâm kiên định của cậu ấy dù việc đó rất nhỏ, cậu ấy đã xây dựng nét “thiện lương” thật đáng trân quý, và tôi thổn thức ấm áp của hai cha con…",Nguyễn Hiếu
74021317,19294484,5,"Một cuốn sách rất hay kể về câu chuyện của một cậu bé 5 tuổi luôn khao khát được yêu thương nhưng lại chẳng nhận được điều đó trong chính ngôi nhà của mình, theo đúng cái cách mà em muốn được thương yêu.

Khép trang sách lại rồi nhưng vẫn mãi day dứt về những nỗi đau mà không đứa trẻ nào đáng phải gánh chịu, mãi ám ảnh về những câu nói mà không có đứa trẻ nào đáng ở trong hoàn cảnh phải thốt ra.

""Mẹ ơi, đáng lẽ con không nên được sinh ra trên đời này.""",Huỳnh Hải
74021317,14770007,5,"Tác phẩm kinh điển, nội dung hay xuất sắc luôn, đoạn đầu đọc buồn cười chết đi được nhưng dần về sau càng thấm, đượm buồn. Tui đã khóc rất nhiều vì tui nhìn thấy được chính bản thân tui lúc nhỏ trong câu chuyện của Zeze, đến bây giờ vẫn còn ám ảnh. Sách hay lắm, đáng tiền lắm luôn ạ.",Hồ Thị Anh Mỹ
74021317,20239813,5,"Đóng hàng cẩn thận, hàng mới nguyên",Phạm Anh
74021317,19267464,5,"Giao hàng nhanh,giấy in mực in chất lượng. Xin lỗi vì đã đánh giá 1sao cho cuốn ""hoa trên mộ"" vì hiểu lầm sách viết sai chính tả ạ",Thùy Trang 
74021317,19201471,5,"Câu chuyện của cậu bé với tuổi thơ không mấy hạnh phúc của mình, như mọi người suy nghĩ. Tuy nhiên, cậu rất may mắn, vì có những người bạn chân thành của mình, để ít nhất thì cậu có một khoảng thời gian vô cùng đẹp đẽ. Đối với mình, sách không khiến mình rơi lệ, chỉ có nhiều cung bậc khác nhau, có thể thấu hiểu cho nhân vật.
Còn chất lượng sách thì khỏi bàn",Minh Đàm
74021317,19184511,4,"Well, với mình nó khiến mình xúc động nhưng không đến mức khóc nhưng cũng là một cuốn sách đáng để đọc. Nội dung ý nghĩa nhân văn, điều mà mình tiếc nuối nhất chắc là cái chết của ông Bồ, vẫn chỉ mong đó là nhầm người thôi nhưng cuộc sống mà, đắng, cay, ngọt, bùi phải trải thì mới trưởng thành được😊",Bảo Ngân
74021317,19719807,5,Tiki giao hàng gọi là siêu nhanh. Về nội dung thì mình cho 10 điểm vì mình đọc và cảm nhận được những việc xảy ra trong câu chuyện. Nói chung với mình đây là quyển sách hay và đáng tiền.,ĐẶNG THỊ YẾN NHI
74021317,10722141,3,"Bình thường sách mình vẫn hay ra nhà sách mua hơn để có thể lựa sách trong tình trạng tốt nhất nhưng do dịch nên đây là lần đầu tiên mình mua sách tại Tiki, và mình cảm thấy khá thất vọng cho lần trải nghiệm này. Đóng gói ko chắc chắn, thùng bị bóp méo dẫn đến sách bên trong cũng bị nhăn. Mình thật sự cảm thấy rất buồn và không hài lòng khi nhìn sách bị tình trạng như vậy, mua 5 cuốn thì đã bị hết 4 cuốn rồi, điều này làm ảnh hưởng khá nhiều đến trải nghiệm mua sắm lần đầu tiên tại đây, đặc biệt là với những người yêu sách như mình. Mong Tiki có thể tìm phương án tốt hơn trong việc bảo quản sản phẩm trong quá trình vận chuyển để có thể giao đến tay người nhận trong tình trạng nguyên vẹn.",Ngọc Trân
74021317,18870398,4,"Vẫn không gói bao chống sốc như bth ,may không hư hỏng.Cuốn này thấy nổi nên mua về đọc thử ,mấy chương đầu hơi chán nhưng càng về sau càng hay.Miêu tả tâm trạng nhân vật khá tốt.Kết ổn ,nói chung là nên đọc.",Nhu Phuong
74021317,18013586,5,"CCNCT sẽ cho bạn có cái nhìn gần gũi về 1 gđ có đông anh chị e mỗi người 1 tính và cách họ đối mặt với nhau sau mỗi lần Zeze phạm lỗi sai, cách hoá giải mọi vấn đề mà Zeze gặp phải từ khi còn là đứa trẻ nó chỉ đơn giản là tình yêu thương sự lắng nghe và thấu hiểu, nhờ có bác Bồ cảm thông và lắng nghe nên mới có thể hướng dẫn và chỉ ra những điều hay lẽ phải để dần thay đổi 1 Zeze nghịch ngợm thông minh ham học hỏi và già trước tuổi khi đang cố gắng học những điều mới mẻ dù không biết là đúng hay sai",Nguyen Nhung
74021317,17959111,5,"Sách bọc cẩn thận. Giao hàng nhanh. Nội dung sách rất hay. Ng đọc như được trở về tuổi thơ với những trò tinh nghịch. Cậu bé nhân vật chính là đứa trẻ thông minh, hiểu chuyện sớm và sống rất tình cảm. Câu chuyện là dòng cảm xúc của cậu bé 5 tuổi vô cùng hấp dẫn và cuốn hút. Muột cuốn sách đáng mua",Nhâm Thị Thắm
74021317,16151572,2,"Thời gian giao hàng nhanh, nhưng mình bóc hộp carton đóng hàng ra thì có đúng trơ trọi một quyển sách không bọc nilong, không chống sốc gì. Bìa sách thì gãy gập vài chỗ. Cảm giác như Tiki giao cho mình sách cũ vậy. Rõ ràng mình xem feedback mng mua cuốn này cũng có seal và mình mua những lần trước cũng được bọc seal rất đàng hoàng ???",Thu Thu Tran
74021317,16814760,4,"nội dung sách hay, đáng đọc lắm. mọi khi mua hàng tiki đóng kĩ càng cẩn thận lắm, có khi mua hàng chút éc thì hộp to đùng, nhưng nay đơn hàng của mình trông nè, dù sách dc bọc bởi mình đã mua gói bọc sách, nhưng dính keo trông bực mình quá. nhưng vẫn cho 5* vì sách hay",Mai Thảo
74021317,19990273,5,"Shop giao cũng khá nhanh. Có kèm chống xốc chứ 0 phải là chỉ có mỗi bìa carton bọc ngoài như mn nói. Sách hay, cảm động lắm luôn, mua thêm một e nữa để tặng. Mong mn ủng hộ shop nhiều hơn. ♡.",Pham Mai Anh
74021317,17888596,5,"[#Zoe_rì_viu_nào] Cây cam ngọt của tôi 🌳

🎶Bản ca ngọt ngào xen lẫn trầm buồn, của ZeZé hay của chính tác giả Meu Pé de Laranja Lima. Thì ra trong một bản nhạc hay, những nốt trầm và nốt bổng sẽ hoà quyện cùng nhau một cách nhịp nhàng đến thổn thức.
🎬Xuất phát điểm là một đứa trẻ quá đỗi thông minh, tài năng và có khả năng trong việc cảm nhận thế giới xung quanh một cách muôn màu, muôn vẻ và qua trí tưởng tượng phong phú.
Với mỗi khung cảnh, mỗi tình huống, ZeZé lại hiện lên với các hình ảnh khác nhau:
💫Khi là một đứa trẻ nghịch ngợm kinh khủng với những trò làm người khác phát điên.
💫Khi là một đứa trẻ với trí tưởng tượng vô cùng tận với người bạn thân Pinkie - Cây cam ngọt cùng thế giới rừng rậm Amazon cùng biết bao nhân vật trên đời.
💫Khi là một người anh hết lòng yêu thương Luís, là một đứa em bé bỏng của Glória.
💫Khi là một đứa nhỏ quá khôn lanh trên mức cho phép khi biết tần tật những thứ nói ra người lớn phải giật mình
💫Khi là một học trò cực kỳ ngoan ngoãn, xuất sắc trong học tập.

Nhưng ẩn sâu tất cả là một sự nhạy cảm và khao khát sự yêu thương thấu hiểu. Pinkie là người bạn đồng hành trong mọi câu chuyện buồn vui còn ông Bồ là người chở che, yêu thương và thấu hiểu.
Đôi khi cái nghèo khổ qua quắt làm con người ta chẳng còn thời gian để yêu thương và thấu hiểu người khác, kể cả gia đình.
😢Và ở tuổi lên 6 ấy, một vết thương lòng quá lớn trong lòng ZeZé để ZeZé quay về hồn nhiên vui vẻ như cái tuổi lên 5 trước khi được yêu thương vỗ về, trước khi nhận bông hoa trắng giã từ Pinkie.

""Ai đã ở trên đời, thì tức là người đó đều xứng đáng được sinh ra""
""Có thể giết một người nào đó trong trái tim. Không yêu người đó nữa. Và thế là một ngày nào đó người đó sẽ chết""
#caycamngotcuatoi #bookreview",Mai  vân
74021317,18692830,5,"Hài lòng về sản phẩm. Một cuốn tự truyện hay, ý nghĩa mỗi người chúng ta đều là một món quà đều xứng đáng được yêu thương và cách dạy dỗ lớn lên khi còn là những đứa trẻ. Tiki giao hàng nhanh dịch vụ tốt",Nguyễn Anh
74021317,17352086,5,"Sách xinh lắm luôn mng ưi. Mặc dù lần này không có bọc chống sốc nhưng trộm zía sách hong bị nát hay gấp góc. Giao hàng siêu siêu nhanh, đặt 8/8 mà 9/8 đã giao rùi. Rcm nên mua nha mng ui",Phuong Anh
74021317,12668904,1,"Lần này phải gửi review vì thất vọng với chất lượng của Tiki. Mình luôn đăng ký gói Bookcare nhưng lần này giao hàng không hề có đồ chặn trong hộp giấy, gửi hàng tới thì bị bóp méo hộp rất nhiều. Vì dịch nên mình đã cho qua chuyện giao hàng trễ nhưng chất lượng đóng gói thì lại thế này.
Đã bỏ tiền để bọc sách rồi nhưng nhìn chất lượng quyển sách không thể chấp nhận được. Mong Tiki giải quyết vấn đề này!",Trí Nguyễn
74021317,18876040,5,"Có những câu chuyện làm ta thấy vui vẻ, nhưng cũng có câu chuyện lặng lẽ lấy đi bao giọt nước mắt của người xem. Một câu chuyện về tuổi thơ của cậu bé, nhà rất nghèo nhưng tâm hồn không nghèo. Nơi cậu luôn toát ra những điều tốt đẹp nhất cho những người xung quanh, cả mầm cây ngọn cỏ. Mang 1 tâm hồn thiên sứ, cậu bé có thể giao tiếp với mọi thứ xung quanh, đặc biệt là cây cam ngọt, người bạn tri kỷ của cậu. Những nốt trầm trong câu chuyện là những lúc cậu giường như yếu đuối, gục ngã trước cuộc sống quá đỗi khó khăn, rồi cậu phải dần trưởng thành hơn, mạnh mẽ hơn bởi tình yêu thương của những thành viên trong gia đình và những người hàng xóm tốt bụng. Những ký ức trẻ thơ dần phai nhoà theo năm tháng, nhưng nó luôn được lưu lại trên những trang sách này. Yêu cây cam ngọt của tôi 🥰",Nguyễn Trần Anh
74021317,18858680,5,"Quyển này rất nổi rồi nên mình k bàn nữa
Thật sự rất thích thái độ và quy cách đóng gói gửi hàng của tiki
Nhma mình nghĩ nếu đơn sách thì nên có một lớp bọc chống sốc thì sách sẽ không bị móp nè
Giáo hàng rất nhanh nhé 
Đặt sáng t4 mà sáng t6 đã giao rồi ♥️♥️♥️",Trần Linh
74021317,15657702,5,"Mình đã thích quyển sách này từ lâu, vậy nên thật tuyệt vì mình cuối cùng đã mua được Cây Cam Ngọt Của Tôi với giá sale khá ổn. Mình chưa đọc sách nhưng đã đọc review nội dung nên biết rằng chắc chắn sách sẽ không làm mình thất vọng. Tiki giao hàng nhanh hơn dự kiến 1 ngày, sách đẹp và mọi thứ đều tuyệt. Cảm mơn Tiki ạ!",Tuyết Phượng 
74021317,8877208,5,"Một cuốn sách nhẹ nhàng và vô cùng dễ thương. Những đoạn hội thoại nhỏ, bình dị nhưng đủ sức chạm đến trái tim bất cứ ai.
Ko biết người khác đọc  thấy thế nào, mình thì như được đồng cảm, à hoá ra cũng có 1 cậu bé, chứa đựng biết bao nhân vật bên trong giống như mình. Chú chim sẻ hát hay nhất, Pinkie, con quỷ nghịch ngợm ? Có những đoạn khiến mình xúc động đến bật khóc. Đáng đọc lắm ạ. 
Sách in màu dễ chịu, khâu gáy, bìa rất xinh.",Nguyen Quynh
74021317,8569824,5,"Sách lúc nhận hình thức rất ổn, không cong vênh xước gãy, đơn hàng này mình hài lòng 5/5 với Tiki.
Về phần nội dung, mình đọc liên tục 4 tiếng, nửa đầu vừa vui vừa giận, đôi khi tức tối nhưng lại dịu ngay bởi những hành động ấm áp của cậu bé dành cho những người thương yêu. Nửa sau tan vỡ, dằn xé, tiếc nuối, xót xa, phẫn nộ...đủ cả. Một cuốn sách day dứt và khiến người ta hoài niệm, về tuổi thơbcủa mình, và thật sự nuối tiếc, dù là chuyện vui hay buồn, thứ đã trôi qua chính là dĩ vãng, không thể quay đầu.
Một quyển sách buồn, một hồi ức buồn, một trải nghiệm buồn, nhưng đáng!",Prue Nguyễn
74021317,20158920,5,"Nhìn là thấy hay rồi, mua đi khỏi nghĩ ngợi",Do Na
74021317,15435374,1,"Ko bàn về nội dung vì mình chưa đọc.
Nhưng về cách đóng gói sp của tiki thì mình xin cạn lời. vận chuyển đường dài nhưng ko hề có 1 miếng chống sốc nào. cạnh sách bị dập như này nhìn xem có xót ko. ko biết đây là sở thích đóng gói của tiki ntn hay do mình xui??? làm ơn thay đổi cách đóng gói dùm ạ. cảm ơn",huyen pham
74021317,19822899,5,"Mua sách trên tiki thì khỏi bàn về chất lượng giấy với thời gian dự kiến giao nha, sách đc bọc bằng bọc chống sốc nên cũng đỡ trầy xước sách nè",Linh Hoàng
74021317,19367949,5,"Sách hay, con rất thích đọc. Tôi đã mua bao nhiêu hàng hoá online, các nhà giao hàng đều chu đáo với khách. Riêng người giao hàng tiết kiệm làm cho tôi rất khó chịu. Họ bảo tôi đưa tiền chẵn sáng ra là chị đổi tiền lẻ, họ không lấy. Họ yêu cầu tôi chuyển khoản. Sau khi tôi nói tôi không có tiền trong tài khoản và trưa hay chiều quay lại giao  Họ mới cầm tờ 500k của tôi, họ trả lại tiền và nói lẩm bẩm gì đó. Gây tâm lý ức chế khi nhận hàng. Làm tôi không có hứng thú đọc quyển sách này nữa. Nên có mục: chọn nhà giao hàng.",Bùi thị Tuyết Minh
74021317,17212382,5,"Tác phẩm xoay quanh cậu bé Zezé - một cậu bé gần lên sáu với ước mơ vô cùng giản đơn là được làm nhà thơ thắt nơ bướm. Zeze có một trí tưởng tượng phong phú, cậu đã tạo ra một thế giới trẻ thơ cho riêng mình như một cách để quên đi thực tại ảm đạm và buồn chán, nơi mà người lớn chỉ quay cuồng trong tiền bạc nhưng thiếu vắng hạnh phúc và ước mơ. Sống trong cuộc sống tăm tối bị cái nghèo bủa vây, cùng với những trận đòn roi (của những người gọi là người thân) đã khiến cho zeze nghĩ rằng mình đáng lẽ không nên được sinh ra trên cuộc đời này, mình chính là đứa con của quỷ. Nhưng trong cùng cực và đau đớn, Zeze đã gặp một nguồn ánh sáng - một người bạn bằng xương bằng thịt, chính là ông Bồ. Chính lòng yêu thương, tình bác ái đã sưởi ấm tâm hồn đang băng hoại của một đứa trẻ ""khôn sớm"", tìm thấy hạnh phúc dưới tận cùng của nỗi đau. Điều mình thích ở tác phẩm này còn ở hình tượng ""cây cam ngọt"", là ""Bạn Yêu"" Pinkie của Zeze. Cây cam ngọt như chính là hiện thân của zeze, là tâm sự và nỗi niềm của zeze, còn là điểm tựa bấu víu của cậu trước những đắng cay chua chát của cuộc sống. Mình rất tiếc vì không đọc được tác phẩm này sớm hơn, đây thục sự là một quyển sách rất hay và đáng để đọc, đáng để cảm nhận và suy ngẫm về lòng yêu thương giữa người với người.",Trọng Nhân
74021317,18630214,5,"""Hành trình khám phá nỗi đau và tình yêu thương""
    Câu chuyện về một cậu bé với nỗi đau tinh thần đã quá lớn trong lòng, quyết định lựa chọn tiếp tục sống khi người bạn đặc biệt của cậu gặp biến cố, người đã dạy cho cậu - và được cậu dạy - định nghĩa của tình yêu thương. Lý do sống đặc biệt ở chỗ cũng đến từ chính nguyên nhân khiến cậu chọn cái chết - đó là gia đình.
    Xúc động và day dứt. Một câu chuyện nếu được dựng thành phim thì tuyệt vời biết bao...",Xuân Lộc
74021317,14897708,5,"Nhận được hàng, mình rất vui và hài lòng. Sách bìa đẹp, nội dung thì đúng hay và ý nghĩa luôn, nhận ra được vẻ đẹp thực sự từ điều đơn giản nhất. Đọc xong lời văn, cảm giác mình học được nhiều điều từ cuốn sách, nhận thấy sự *** khổ khi thiếu đi hai chữ: ""tình thương"". Cuốn sách rất hay, vẻn vẹn hơn 200trang nhưng nội dung ẩn chứa sâu sắc và lắng đọng lắm. Mình thấy mọi người ai chưa có cơ hội đọc thì nên đọc đi nhé, bổ ích lắm luôn",Hoàng Minh Nguyệt
74021317,11174991,5,Mình không ngờ nó có thể hay đến như vậy. Bắt đầu là sự vui vẻ của zezé và kết thúc là sự đau buồn khi mất đi hai người bạn quý giá của mình. Mình đã bật khóc từ khi đọc đến chương 4 có thể nói đây là chương bắt đầu chuyển mình. Nỗi buồn đến rất chậm rãi và hợp lý đến nỗi mình không hề nhận ra hay biết trước được điều gì sẽ xảy ra đến với cuộc đời của cậu ấy. Mình thật sự rất thích cuốn sách này và mình mong mọi người biết đến cuộc sách này hơn hết là một tuổi thơ kì lạ của cậu bé zezé đầy thú vị.,Thuy Duong Nguyen
74021317,18631091,5,"Cuốn này dc nhiều người khen quá trời, mình canh mãi đến đợt sale sinh nhật tiki 05/01/2023 là mua luôn nên giá khá rẻ, nội dung thì chưa đọc nên chưa nhận xét dc mình nhiều người khen và đánh giá cao thì chắc hẳn mình cũng sẽ thấy hay thôi",Cam Khánh Trình
74021317,14788624,5,"T đã khóc, khóc vì cậu bé Zezé. Một đứa trẻ 5 tuổi nhưng lại có những suy nghĩ mà người trưởng thành phải đáng ngẫm. Cậu cho rằng mình là đứa trẻ hư và phải đáng chịu phạt bằng những trận đòn roi (dù có hay không có lý do chính đáng bị đánh) hay bằng những lời chửi rủa. Cậu khát khao có được sự yêu thương. Nhưng khi sự yêu thương đó “bị Chúa tước đoạt”, Zezé đã nói rằng cậu bị chịu phạt bằng cách phải tiếp tục sống và sống. Một đứa trẻ từng rất hoạt bát, nhanh nhẹn và giàu trí tượng tượng đã bị “ép lớn” ở cái tuổi thứ 5 của cuộc đời.
Đọc xong T đã rút ra được rất nhiều điều, quan trọng nhất đó chính là nuôi dạy và giáo dục con trẻ. Đừng nghĩ rằng trẻ con thì không biết gì nên mình muốn hay nói những gì cũng được, chúng nó không hiểu đâu. Chính nhưng hành đọngo và lời nói đó đều sẽ khắc sâu vào trong người đứa trẻ.",Trang Trần
74021317,19621490,5,Thấy review nhiều người bảo buồn lắm nhưng riêng mình thấy tiếc nuối nhiều hơn nhưng mà nó chưa đủ đô với mình :)) được cái khi đọc xong mình thấy chỉ được một người trên đời này yêu thương thôi là đã may mắn và hạnh phúc lắm rồi.,Phương Võ
74021317,17027046,5,"Gia đình là nơi gắn kết yêu thương, nơi cho ta những cảm xúc hạnh phúc và những trải nghiệm tuyệt vời. Nhưng với cậu bé Zezé ở đây, điều đó ngược lại.
...
    Một cậu bé 5 tuổi thông minh và nghịch ngợm hay giở trò tinh quái. Gia đình của Zezé nghèo, có lẽ cái nghèo đó đã xây dựng khoảng cách giữa cậu và người thân của mình. Cậu phải tìm kiếm sự ấm áp và yêu thương từ người xa lạ. Người nhà cậu, họ không thể hiểu nổi tại sao Zezé lại hay gây chuyện bằng trò quậy phá như thế, đến ngay cả bản thân cậu cũng không hiểu tại sao. Cậu nói đó không phải mình làm mà do ""con quỷ"" trong cậu gây ra. Vậy điều gì đã tạo ra một ""con quỷ"" bên trong cậu??

    Cậu không được sống một cuộc sống như những cô cậu bé cùng trang lứa. 5 tuổi cậu đã phải lo lắng về nhiều thứ. Trong khi những đứa trẻ khác được người thân cho tiền tiêu vặt, được mua nhiều đồ chơi, được ăn nhiều cái ngon...thì cậu chỉ dám ghen tị. 
  ""Tại sao người ta lại nói cho bọn trẻ nhiều chuyện như vậy trong khi chúng còn bé như thế?"" 
Có lẽ là do cái nghèo, sự phân biệt trong xã hội, hoàn cảnh khó khăn....chẳng???

""Cây cam ngọt của tôi"" là cuốn sách rất xúc động, chạm đến trái tim người đọc. Qua đấy cũng cho ta bài học lớn, 
hành vi của gia đình sẽ ảnh hưởng đến tính cách và hành vi của con cái sau này. 
vì vậy hãy nuôi dạy con cái bằng sự yêu thương và phương pháp giáo dục đúng đắn.",Hương Yeon
74021317,17017510,5,"Giao hàng nhanh, đóng gói sơ sài. Chỉ nhét sách vào hộp thôi. May là sách vẫn không sao, sách mới, k có seal. Không quá khi nói rằng mình nghĩ đây là 1 tác phẩm xuất sắc. Ngay từ đầu, mình cảm nhận được sự trầm lắng, nhẹ nhàng, hơi u buồn và nỗi thương cảm nhẹ cho cậu bé. Cách viết và mạch truyện khá lôi cuốn, tựa như một bức thư, nhật ký hay lời tâm sự của nhân vật chính. Đến cuối, mình không khỏi buồn, có chút không chấp nhận được cái kết. Cậu bé thực sự đã mất đi người cha, người bạn thân thiết nhất của mình. Mọi người nên đọc thử và cảm nhận nhé.",Huyền Page
74021317,7921419,4,"sách giao không quá nhanh cũng không quá chậm , nội dung mình chưa đọc nên cập nhật sau , bìa sách thì quá đẹp khỏi bàn cãi có điều bìa hơi gập với sách cũng có mấy chỗ bị nhăn chắc do quá trình vận chuyển , shipper khá thân thiện nch dễ thương nhiệt tình :3 mong shop bao sách kĩ hơn để trách bị nhăn ạ , thanks",Hero Cat
74021317,14497134,5,"Sách của Nhã Nam rất đẹp, lỗi in thì có thể liên hệ Nhã Nam để đổi được. Quà đầy đủ, sale mạnh. Mình hơi buồn Tiki vì khâu đóng gói rất sơ sài, ko có bọc xung quanh, nên trừ điểm chỗ này. Cũng may mình mua nhiều nên vừa hộp, ko bị lỗi gáy sách mấy, nhưng cũng bị nhăn gáy sách. Riêng cuốn này thì ko bị lỗi gì cả. Khâu vận chuyển cũng làm mình sốt ruột nữa, ko thấy cập nhật gì kỹ lắm, nhưng đợt này giao đúng hẹn.",Tiên Phạm
74021317,18374963,5,"Đó là một câu chuyện buồn.

Hành trình của cậu nhóc Zeze khiến tôi tự thấy mình trong gương. Ai rồi cũng sẽ lớn lên, và chúng ta phải lựa chọn giữa việc trao yêu thương hay là roi vọt cho người khác. Xin hãy yêu nhau và thương nhau như cách ông Bồ, chị Glo dành cho Zeze, hãy quan tâm tới bố và mẹ của các bạn trong ngày giáng sinh.

Và một bất ngờ, các tác phẩm từ Brazil vẫn mang một niềm tin và sự đối thoại với Thượng đế nhân lành.

Đây là một cuốn sách đáng đọc.",Lê Việt Anh
74021317,18365724,5,"Đóng gói sách của Tiki dạo này rất tệ. Mình mở hộp ra mà sốc luôn, chỉ độc 3 quyển sách trong cái hộp móp méo và 1 lớp giấy vụn ở bên trên, khi lấy đống giấy vụn ra thì vụn giấy phủ đầy cả bìa sách. Sách không được cho vào túi chống sốc và cũng không có thứ gì bảo vệ các góc sách cả. Kết quả là sách bị nhăn và quăn góc. Nhưng mình vẫn cho 5 sao với hy vọng tiki hãy cải thiện hơn ở những đơn hàng sau. 

Về nội dung cuốn sách thì không còn gì để bàn cãi nữa. Với lượt bán ra cực khủng và nhiều review có cánh dành cho cuốn sách này. Ban đầu mình hơi khó hiểu tại sao cuốn sách này lại viral như thế cho đến khi mình cầm nó trên tay, và mình đã khóc ở những trang sách cuối cùng. Một cây cam ngọt nhưng không hề ngọt. Dạo này mấy tựa sách *** mấy con mọt quá =)))",Phương Nhi
74021317,20203544,5,"Đóng gói cẩn thận, giao hàng nhanh",Thuy Tinh
74021317,16713034,5,"Quyển sách rất hay luôn. Đây là lần đầu mình đọc thể loại tiểu thuyết, cứ sợ rằng sẽ đọc không quen. Nhưng những câu từ và nội dung của quyển sách cứ lôi kéo mình đọc hết trang này đến trang khác. Mình hoàn thành xong quyển sách xong vòng 4 tiếng. 
cảm xúc đan xen nhau : vui vẻ, thương cảm và buồn bã. Những phần cuối là khóc 1 dòng sông luôn T.T
Nói chung highly recommend mọi người mua trải nghiệm nha.",Trân Bảo
74021317,18282761,5,"“Ngọt mà đắng, đắng nhưng rất ngọt” là những gì mình nghĩ sau khi đọc xong cuốn sách này. Cứ ngỡ rằng khổ tận cam lai, rồi Zezé sẽ có một cái kết đẹp cho riêng mình, nhưng không phải vậy, vì tới cuối cùng, cậu đã bị tước đi ánh mặt trời mà mãi cậu mới tìm ra.  
Mình không thích những cái kết buồn và những câu chuyện buồn thảm, u uất, nhưng câu chuyện này không phải vậy. Đọc xong dù cảm thấy rất buồn cho Zezé, nhưng mình biết rằng từ những mất mát đó, cậu bé Zezé đã học được cách yêu thương, biết cách lan toả những vầng nắng ám áp cho người khác; cũng biết rằng dù chuyện gì có xảy ra, nếu ta đã sinh ra trên đời thì ta phải kiên cường mà sống.
Đây là một câu chuyện vừa đắng vừa ngọt, hệt như vỏ cam và ruột cam.",Trần Nguyên Hồng
74021317,18252358,5,"Cuốn sách này thật tuyệt vời, mình thích cách in ấn và chọn lọc nội dung cho sách từ Nhã Nam. 
Về nội dung, thực sự với mình quá là cảm xúc. Nó đã làm mình - một thằng con trai phải khóc bởi những nội dung sau cuối. Mình cũng đã suy nghĩ nhiều với những tình tiết trong cuốn sách, nó đọng lại trong mình một chút gì đó nghẹn ngào, thương cảm và có cả đau xót. 
Nói chung là cuốn sách này rất đáng để các bạn sở hữu!!!
Mình chọn  Tiki Now giao nhanh nên chắc là không bị bong tróc sách như các bạn, vẫn cho 5 sao!",Đoàn Duy Khánh
74021317,20220918,5,book chính hãng,Nguyen Thai
74021317,14065874,4,Đây là đơn thứ 2 mình đặt trong đợt dọn kho Nhã Nam kì này. So với đơn thứ nhất thì may mắn đã được tiki chăm chút trong khâu đóng hàng hơn tuy nhiên sách tới tay nhiều cuốn vẫn bị quăn góc và móp khá nhiều. Riêng cuốn “Cây cam ngọt của tôi” cuối trang sách bị tình trạng như này ạ,Phương Thảo
74021317,13927947,2,"Mình luôn đánh giá cao về tốc độ giao hàng của tiki, nhưng mà tốc độ giao hàng nhanh lại đi kèm với đóng hàng cẩu thả thì thôi không cần đâu nhá. Gói hàng của mình có 8 quyển sách, 2 đồ khuyến mại được ném tùy tiện vào trong 1 cái hộp, không có bọc chống sốc. Hộp hàng giao tới tay mình thì bị thủng 1 lỗ to, không biết là do quá trình vận chuyển bị va đập hay có người cố tình cạy ra (đơn giá trị cao lại được thanh toán trước rồi nên muốn tráo hàng hay gì??). 1 trong 2 món hàng khuyến mại thì không thấy đâu, không biết là do bị rơi từ cái lỗ kia hay là đóng thiếu hàng nữa. Tóm lại là lần đặt hàng này tại tiki khiến mình rất thất vọng.",Tea tea
74021317,13889151,4,"Giao hàng nhanh, đủ nhưng phần dưới trang sách có hơi bị gấp. Mình ở xa nên vận chuyển đường dài, đến lúc nhận được hàng thì thấy hộp đã bóng tróc, rách các góc rồi. Mong Tiki lần sau đóng gói kĩ hơn. Ngoài ra thì mọi thứ đều ổn, sách đẹp, nội dung thì mình chưa đọc nhưng hy vọng là nó hay như mọi người review. Cám ơn Tiki về những món quà xinh xắn mình nhận được trong dịp Hội sách cuối năm này nha, mình rất thích chúng.",Thị Hồng Hiệp Khổng
74021317,18681634,5,"Nếu như ai cũng chúc bạn năm mới vui vẻ rồi, vậy tôi chúc bạn đi khắp núi sông, vẫn cảm thấy nhân gian xứng đáng.",Thùy Hậu
74021317,19819489,5,"Nhìn bên ngoài thì đây là cuốn ấn tượng nhất trong 5 cuốn mình mua, bìa và giấy đều rất đẹp. Nội dung thì mn đọc rồi biết nha!",Hoàng Ngoc
74021317,13655851,5,"Ai thấy cmt của mình nhất định phải mua về đọc nhé. Huhu qua đọc cái kết khóc 1 tiếng chưa ngưng được, buồn lắm :( nhưng mà hay lắm ạaa. Sao bây giờ mình mới đọc cuốn này nhỉ, hay lắm. Mà có nhiều đoạn buồn lắm, làm mình ám ảnh cả tuần nay. Cuốn sách quá là ý nghĩa và nhân văn, cảm thấy cuộc đời bản thân quá may mắn so với nhiều người. Đọc mà khóc nguyên hộp giấy ở nhà, sách hay và tuyệt vời lắmmm. 5 sao ạ",Minh Uyen
74021317,18087909,5,"Sách không có seal nhưng rất đẹp, không bị trầy xước hay bong tróc gì cả. Vận chuyển nhanh, đặt hôm trước hôm sau đã có rồi. 
Mình vừa đọc được mấy chục trang thôi nên cũng không biết cảm nhận sao cho vẹn. Giọng văn rất nhẹ nhàng và trong sáng, câu chuyện cũng rất giản đơn gần gũi, tuy mình không thấy nó hay xuất sắc nhưng rất đáng đọc thử. Mình không biết cái kết ra sao nhưng đến mấy trang mình đang đọc thì quyển sách giống như tưới tắm tâm hồn héo rũ của người ta vậy.",Trần Hoàng Kim 
74021317,18736676,5,"Sách đẹp cầm đã tay 
Giao nhanh 
Giá sale
Chuyện kể về 1 cậu bé trên hành trình khám phá nỗi đau và tình yêu thương 
Bìa sách lemhay kiểu vậy nhỉ",Ngọc Huệ
74021317,18065275,5,"Mặc dù đi làm ngày 12 tiếng, nhưng chỉ 4 ngày mình đã ngấu nghiến hết cuốn sách. Mỗi lần quá xúc động, mình đã đặt sách xuống cố gắng làm việc khác để quên đi. Nhưng rồi khi tiếp tục đọc nước mắt lại tuôn ra không ngừng.
1 câu chuyện kể về sự ích kỉ của thế giới người lớn... đối với những thiên thần nhỏ.",Việt Trinh
74021317,17719430,5,"Mình đặt nhiều cuốn cùng 1 lúc may là tiki giao trong nội thành đóng gói ổn, tuy ko có bọc chống sốc nhưng có thêm mấy miếng bìa để sách ko bị va đập quá nhiều, nên thành phẩm nhận được ko bị cong sách. Rất thích tiki trading lẫn shipper dễ thương",Alice T
74021317,19357152,5,Đã khóc khi xem đến phần cuối. Một quyển sách nên đọc và hiểu thêm về con trẻ. Tâm hồn và suy nghĩ của một đứa trẻ rất trong sáng và thuần khiết. Tất cả những gì người lớn đối xử với chúng đều sẽ được ghi nhận và mang theo suốt cuộc đời,Bảo Ngọc
74021317,8981219,5,"Cho đến khi những trang sách cuối cùng ấy khép lại, tâm hồn tôi, trái tim tôi vẫn còn bao thổn thức, một chút đau lòng, một chút tiếc nuối, một chút hạnh phúc đầy thương mến. . .

Cây cam ngọt của tôi- lời văn nhẹ nhàng, sâu lắng. 

Cây cam ngọt của tôi- ""Vị chua chát của cái nghèo hòa trộn với vị ngọt ngào khi khám phá ra những điều khiến cuộc đời này đáng sống... một tác phẩm kinh điển của Brazil"" _ Booklist. 

Cây cam ngọt của tôi- xin cảm ơn, vì những giây phút ấy. ??",Hồng Thư 
